laundering_yn,count,mean,std,min,25%,50%,75%,max
0,288755738.0,0.3665030392867532,0.07427282622826296,0.2389754121226078,0.33361816821951773,0.35233758037353413,0.37866303314299427,1.0
1,30051.0,1.0,0.0,1.0,1.0,1.0,1.0,1.0
