laundering_yn,count,mean,std,min,25%,50%,75%,max
0,288755738.0,0.1269380299580869,1.5474531903928406,5.514484897480211e-07,0.00011194404341884828,0.00018032365614760289,0.0002674525175277902,22.13198643877874
1,30051.0,0.007166378511975324,0.015755264224252132,2.7572424487401055e-06,0.00011304694039834432,0.00019190407443231135,0.00034107089090915104,0.05645784782889215
