laundering_yn,count,mean,std,min,25%,50%,75%,max
0,288755738.0,0.3925685699516193,0.1700511163231488,0.2389754121226078,0.3349187408340377,0.34120932290362027,0.35872120724010076,1.0
1,30051.0,1.0,0.0,1.0,1.0,1.0,1.0,1.0
