laundering_yn,count,mean,std,min,25%,50%,75%,max
0,307561470.0,0.11918725379729861,1.4997053631772364,5.514484897480211e-07,0.00011194404341884828,0.00017922075916810686,0.00026524672356879815,22.13198643877874
1,35107.0,0.006156899769019787,0.014782982007518325,2.7572424487401055e-06,0.00010808390399061213,0.000182529450106595,0.00031156839670763194,0.05645784782889215
