laundering_yn,count,mean,std,min,25%,50%,75%,max
0,307561470.0,3.8774679605847697,7.575714740429011,5.514484897480211e-07,0.04210143784679217,0.09799349952520285,0.5541991148148843,22.13198643877874
1,35107.0,0.029380934279968938,0.025965298210146,2.2057939589920844e-06,0.0001858381410450831,0.04265840082143767,0.05527278502442365,0.05645784782889215
