laundering_yn,count,mean,std,min,25%,50%,75%,max
0,288755738.0,0.002561154848562327,0.03585275414665674,-0.00036213715793564916,0.0,2.204160693963786e-07,7.560303174614091e-07,0.5153573751449585
1,30051.0,0.00011543180128754249,0.00027790493170437873,-7.463185625056212e-07,8.931040440529614e-08,7.007022873040114e-07,2.5585002276784508e-06,0.000994048430584371
