laundering_yn,count,mean,std,min,25%,50%,75%,max
0,288755738.0,4.129985093160873,7.751536676345212,5.514484897480211e-07,0.04406459447029512,0.1146681989582035,3.9782106158245862,22.13198643877874
1,30051.0,0.03429283948024883,0.024901730502613684,2.2057939589920844e-06,0.00024925471736610556,0.04634979701181092,0.05539244934669897,0.05645784782889215
