laundering_yn,count,mean,std,min,25%,50%,75%,max
0,288755738.0,0.0712894354290493,0.17507435906481844,-0.00036213715793564916,1.4871966413920745e-06,2.722648423514329e-05,0.0005509620532393456,0.5153573751449585
1,30051.0,0.0002326682509909486,0.0002633603857617294,-4.3188811105210334e-07,1.274740895951254e-06,0.00020539230899885297,0.00022590134176425636,0.000994048430584371
